mean_fit_time,std_fit_time,mean_score_time,std_score_time,param_feature_selection,param_pca,param_scaler,params,split0_test_score,split1_test_score,split2_test_score,split3_test_score,mean_test_score,std_test_score,rank_test_score,scorer
0.6379216313362122,0.0695124309677134,0.03756260871887207,0.010750122785689618,VarianceThreshold(threshold=0.2),PCA(n_components=8),StandardScaler(),"{'feature_selection': VarianceThreshold(threshold=0.2), 'pca': PCA(n_components=8), 'scaler': StandardScaler()}",0.8680659670164917,0.881559220389805,0.8793103448275862,0.8799699924981246,0.8772263811830019,0.005351564977051776,7,accuracy
0.6062051057815552,0.06972377469387743,0.04615825414657593,0.013465474177164434,VarianceThreshold(threshold=0.2),PCA(n_components=8),MinMaxScaler(),"{'feature_selection': VarianceThreshold(threshold=0.2), 'pca': PCA(n_components=8), 'scaler': MinMaxScaler()}",0.8470764617691154,0.8718140929535232,0.8725637181409296,0.8649662415603901,0.8641051286059895,0.010267580995463762,27,accuracy
0.6050434112548828,0.05315737968448885,0.05256897211074829,0.011254592486941734,VarianceThreshold(threshold=0.2),PCA(n_components=16),StandardScaler(),"{'feature_selection': VarianceThreshold(threshold=0.2), 'pca': PCA(n_components=16), 'scaler': StandardScaler()}",0.8680659670164917,0.881559220389805,0.8793103448275862,0.8799699924981246,0.8772263811830019,0.005351564977051776,7,accuracy
0.6764866709709167,0.04926873621767194,0.0496789813041687,0.017925752238398873,VarianceThreshold(threshold=0.2),PCA(n_components=16),MinMaxScaler(),"{'feature_selection': VarianceThreshold(threshold=0.2), 'pca': PCA(n_components=16), 'scaler': MinMaxScaler()}",0.8470764617691154,0.8718140929535232,0.8725637181409296,0.8649662415603901,0.8641051286059895,0.010267580995463762,27,accuracy
0.554168701171875,0.05545803373413193,0.04838073253631592,0.010650635291995697,VarianceThreshold(threshold=0.2),PCA(n_components=32),StandardScaler(),"{'feature_selection': VarianceThreshold(threshold=0.2), 'pca': PCA(n_components=32), 'scaler': StandardScaler()}",0.8680659670164917,0.881559220389805,0.8793103448275862,0.8799699924981246,0.8772263811830019,0.005351564977051776,7,accuracy
0.6040360331535339,0.04166893928579966,0.04200834035873413,0.007315668877730861,VarianceThreshold(threshold=0.2),PCA(n_components=32),MinMaxScaler(),"{'feature_selection': VarianceThreshold(threshold=0.2), 'pca': PCA(n_components=32), 'scaler': MinMaxScaler()}",0.8470764617691154,0.8718140929535232,0.8725637181409296,0.8649662415603901,0.8641051286059895,0.010267580995463762,27,accuracy
0.7187943458557129,0.036933269159740885,0.048385798931121826,0.0143964213312146,VarianceThreshold(threshold=0.2),PCA(n_components=64),StandardScaler(),"{'feature_selection': VarianceThreshold(threshold=0.2), 'pca': PCA(n_components=64), 'scaler': StandardScaler()}",0.8680659670164917,0.881559220389805,0.8793103448275862,0.8799699924981246,0.8772263811830019,0.005351564977051776,7,accuracy
0.683890700340271,0.049843485767096574,0.03774803876876831,0.0025905671977160065,VarianceThreshold(threshold=0.2),PCA(n_components=64),MinMaxScaler(),"{'feature_selection': VarianceThreshold(threshold=0.2), 'pca': PCA(n_components=64), 'scaler': MinMaxScaler()}",0.8470764617691154,0.8718140929535232,0.8725637181409296,0.8649662415603901,0.8641051286059895,0.010267580995463762,27,accuracy
0.6989436149597168,0.027659529432526895,0.03924769163131714,0.003765911409508117,VarianceThreshold(threshold=0.2),PCA(n_components=64),StandardScaler(),"{'feature_selection': VarianceThreshold(threshold=0.2), 'pca': PCA(n_components=64), 'scaler': StandardScaler()}",0.8680659670164917,0.881559220389805,0.8793103448275862,0.8799699924981246,0.8772263811830019,0.005351564977051776,7,accuracy
0.7005817890167236,0.01868573749611264,0.04800307750701904,0.012039395491781119,VarianceThreshold(threshold=0.2),PCA(n_components=64),MinMaxScaler(),"{'feature_selection': VarianceThreshold(threshold=0.2), 'pca': PCA(n_components=64), 'scaler': MinMaxScaler()}",0.8470764617691154,0.8718140929535232,0.8725637181409296,0.8649662415603901,0.8641051286059895,0.010267580995463762,27,accuracy
1.0701078176498413,0.04559546329673367,0.04799652099609375,0.00381051054696274,VarianceThreshold(threshold=0.2),PCA(n_components=128),StandardScaler(),"{'feature_selection': VarianceThreshold(threshold=0.2), 'pca': PCA(n_components=128), 'scaler': StandardScaler()}",0.8680659670164917,0.881559220389805,0.8793103448275862,0.8799699924981246,0.8772263811830019,0.005351564977051776,7,accuracy
1.0408581495285034,0.06491543407983344,0.04499465227127075,0.004849815199448826,VarianceThreshold(threshold=0.2),PCA(n_components=128),MinMaxScaler(),"{'feature_selection': VarianceThreshold(threshold=0.2), 'pca': PCA(n_components=128), 'scaler': MinMaxScaler()}",0.8470764617691154,0.8718140929535232,0.8725637181409296,0.8649662415603901,0.8641051286059895,0.010267580995463762,27,accuracy
0.3602535128593445,0.020706598397204297,0.12799358367919922,0.010440910047563173,VarianceThreshold(threshold=0.2),,StandardScaler(),"{'feature_selection': VarianceThreshold(threshold=0.2), 'pca': None, 'scaler': StandardScaler()}",0.8523238380809596,0.8575712143928036,0.8740629685157422,0.8589647411852963,0.8607306905437004,0.008085877672501223,39,accuracy
0.6745182871818542,0.05243954492872227,0.03013056516647339,0.0070165866805631475,VarianceThreshold(threshold=0.4),PCA(n_components=8),StandardScaler(),"{'feature_selection': VarianceThreshold(threshold=0.4), 'pca': PCA(n_components=8), 'scaler': StandardScaler()}",0.8665667166416792,0.8845577211394303,0.8793103448275862,0.8799699924981246,0.8776011937767051,0.006683662231312285,1,accuracy
0.598780632019043,0.03729872478507102,0.033497512340545654,0.004715935102025073,VarianceThreshold(threshold=0.4),PCA(n_components=8),MinMaxScaler(),"{'feature_selection': VarianceThreshold(threshold=0.4), 'pca': PCA(n_components=8), 'scaler': MinMaxScaler()}",0.8470764617691154,0.8718140929535232,0.8725637181409296,0.8649662415603901,0.8641051286059895,0.010267580995463762,27,accuracy
0.6362825632095337,0.022492349951693805,0.04050087928771973,0.005676974916703878,VarianceThreshold(threshold=0.4),PCA(n_components=16),StandardScaler(),"{'feature_selection': VarianceThreshold(threshold=0.4), 'pca': PCA(n_components=16), 'scaler': StandardScaler()}",0.8665667166416792,0.8845577211394303,0.8793103448275862,0.8799699924981246,0.8776011937767051,0.006683662231312285,1,accuracy
0.6247801184654236,0.029963636164146972,0.037001192569732666,0.005697077529512887,VarianceThreshold(threshold=0.4),PCA(n_components=16),MinMaxScaler(),"{'feature_selection': VarianceThreshold(threshold=0.4), 'pca': PCA(n_components=16), 'scaler': MinMaxScaler()}",0.8470764617691154,0.8718140929535232,0.8725637181409296,0.8649662415603901,0.8641051286059895,0.010267580995463762,27,accuracy
0.6104983687400818,0.021385435479663602,0.04324823617935181,0.0036306445980213114,VarianceThreshold(threshold=0.4),PCA(n_components=32),StandardScaler(),"{'feature_selection': VarianceThreshold(threshold=0.4), 'pca': PCA(n_components=32), 'scaler': StandardScaler()}",0.8665667166416792,0.8845577211394303,0.8793103448275862,0.8799699924981246,0.8776011937767051,0.006683662231312285,1,accuracy
0.5602494478225708,0.019675710351379383,0.04149889945983887,0.009503459518724326,VarianceThreshold(threshold=0.4),PCA(n_components=32),MinMaxScaler(),"{'feature_selection': VarianceThreshold(threshold=0.4), 'pca': PCA(n_components=32), 'scaler': MinMaxScaler()}",0.8470764617691154,0.8718140929535232,0.8725637181409296,0.8649662415603901,0.8641051286059895,0.010267580995463762,27,accuracy
0.696751594543457,0.0451610391294537,0.039000630378723145,0.00561142137323504,VarianceThreshold(threshold=0.4),PCA(n_components=64),StandardScaler(),"{'feature_selection': VarianceThreshold(threshold=0.4), 'pca': PCA(n_components=64), 'scaler': StandardScaler()}",0.8665667166416792,0.8845577211394303,0.8793103448275862,0.8799699924981246,0.8776011937767051,0.006683662231312285,1,accuracy
0.6499983668327332,0.020235526373647405,0.04275238513946533,0.002860841032542883,VarianceThreshold(threshold=0.4),PCA(n_components=64),MinMaxScaler(),"{'feature_selection': VarianceThreshold(threshold=0.4), 'pca': PCA(n_components=64), 'scaler': MinMaxScaler()}",0.8470764617691154,0.8718140929535232,0.8725637181409296,0.8649662415603901,0.8641051286059895,0.010267580995463762,27,accuracy
0.6844415068626404,0.03704488370302927,0.04587191343307495,0.0044365127391106755,VarianceThreshold(threshold=0.4),PCA(n_components=64),StandardScaler(),"{'feature_selection': VarianceThreshold(threshold=0.4), 'pca': PCA(n_components=64), 'scaler': StandardScaler()}",0.8665667166416792,0.8845577211394303,0.8793103448275862,0.8799699924981246,0.8776011937767051,0.006683662231312285,1,accuracy
0.6862778663635254,0.06854643822290163,0.06340259313583374,0.01614151890159374,VarianceThreshold(threshold=0.4),PCA(n_components=64),MinMaxScaler(),"{'feature_selection': VarianceThreshold(threshold=0.4), 'pca': PCA(n_components=64), 'scaler': MinMaxScaler()}",0.8470764617691154,0.8718140929535232,0.8725637181409296,0.8649662415603901,0.8641051286059895,0.010267580995463762,27,accuracy
1.1448216438293457,0.07781376084704773,0.053630530834198,0.01196715438692716,VarianceThreshold(threshold=0.4),PCA(n_components=128),StandardScaler(),"{'feature_selection': VarianceThreshold(threshold=0.4), 'pca': PCA(n_components=128), 'scaler': StandardScaler()}",0.8665667166416792,0.8845577211394303,0.8793103448275862,0.8799699924981246,0.8776011937767051,0.006683662231312285,1,accuracy
1.1059158444404602,0.03703709027973041,0.04969507455825806,0.005596442176254121,VarianceThreshold(threshold=0.4),PCA(n_components=128),MinMaxScaler(),"{'feature_selection': VarianceThreshold(threshold=0.4), 'pca': PCA(n_components=128), 'scaler': MinMaxScaler()}",0.8470764617691154,0.8718140929535232,0.8725637181409296,0.8649662415603901,0.8641051286059895,0.010267580995463762,27,accuracy
0.3557961583137512,0.021974270943863363,0.1366819143295288,0.006656477686785445,VarianceThreshold(threshold=0.4),,StandardScaler(),"{'feature_selection': VarianceThreshold(threshold=0.4), 'pca': None, 'scaler': StandardScaler()}",0.8523238380809596,0.8575712143928036,0.8740629685157422,0.8589647411852963,0.8607306905437004,0.008085877672501223,39,accuracy
0.7771589756011963,0.06471819786308006,0.03822296857833862,0.01586558193648129,VarianceThreshold(threshold=0.6),PCA(n_components=8),StandardScaler(),"{'feature_selection': VarianceThreshold(threshold=0.6), 'pca': PCA(n_components=8), 'scaler': StandardScaler()}",0.8575712143928036,0.8785607196401799,0.8725637181409296,0.8754688672168042,0.8710411298476793,0.008060799996428182,15,accuracy
0.6094543933868408,0.06542461577354028,0.035842061042785645,0.004317959263038813,VarianceThreshold(threshold=0.6),PCA(n_components=8),MinMaxScaler(),"{'feature_selection': VarianceThreshold(threshold=0.6), 'pca': PCA(n_components=8), 'scaler': MinMaxScaler()}",0.8365817091454273,0.8515742128935532,0.8605697151424287,0.8522130532633159,0.8502346726111812,0.008644721998027825,45,accuracy
0.6526978015899658,0.03955906341813608,0.04084211587905884,0.005232713577614704,VarianceThreshold(threshold=0.6),PCA(n_components=16),StandardScaler(),"{'feature_selection': VarianceThreshold(threshold=0.6), 'pca': PCA(n_components=16), 'scaler': StandardScaler()}",0.8575712143928036,0.8785607196401799,0.8725637181409296,0.8754688672168042,0.8710411298476793,0.008060799996428182,15,accuracy
0.6365097165107727,0.05985972955798759,0.04270130395889282,0.007906963074918708,VarianceThreshold(threshold=0.6),PCA(n_components=16),MinMaxScaler(),"{'feature_selection': VarianceThreshold(threshold=0.6), 'pca': PCA(n_components=16), 'scaler': MinMaxScaler()}",0.8365817091454273,0.8515742128935532,0.8605697151424287,0.8522130532633159,0.8502346726111812,0.008644721998027825,45,accuracy
0.5868064165115356,0.02536510355856293,0.05069708824157715,0.0027224701488216024,VarianceThreshold(threshold=0.6),PCA(n_components=32),StandardScaler(),"{'feature_selection': VarianceThreshold(threshold=0.6), 'pca': PCA(n_components=32), 'scaler': StandardScaler()}",0.8575712143928036,0.8785607196401799,0.8725637181409296,0.8754688672168042,0.8710411298476793,0.008060799996428182,15,accuracy
0.5246487855911255,0.04358306646141828,0.055439531803131104,0.020365647236664293,VarianceThreshold(threshold=0.6),PCA(n_components=32),MinMaxScaler(),"{'feature_selection': VarianceThreshold(threshold=0.6), 'pca': PCA(n_components=32), 'scaler': MinMaxScaler()}",0.8365817091454273,0.8515742128935532,0.8605697151424287,0.8522130532633159,0.8502346726111812,0.008644721998027825,45,accuracy
0.726689875125885,0.08882204598941174,0.04737287759780884,0.0046678391182358855,VarianceThreshold(threshold=0.6),PCA(n_components=64),StandardScaler(),"{'feature_selection': VarianceThreshold(threshold=0.6), 'pca': PCA(n_components=64), 'scaler': StandardScaler()}",0.8575712143928036,0.8785607196401799,0.8725637181409296,0.8754688672168042,0.8710411298476793,0.008060799996428182,15,accuracy
0.7041469812393188,0.05684083166790177,0.051003217697143555,0.011026593724481148,VarianceThreshold(threshold=0.6),PCA(n_components=64),MinMaxScaler(),"{'feature_selection': VarianceThreshold(threshold=0.6), 'pca': PCA(n_components=64), 'scaler': MinMaxScaler()}",0.8365817091454273,0.8515742128935532,0.8605697151424287,0.8522130532633159,0.8502346726111812,0.008644721998027825,45,accuracy
0.6834349632263184,0.040912505363761315,0.043251752853393555,0.0026814620832358257,VarianceThreshold(threshold=0.6),PCA(n_components=64),StandardScaler(),"{'feature_selection': VarianceThreshold(threshold=0.6), 'pca': PCA(n_components=64), 'scaler': StandardScaler()}",0.8575712143928036,0.8785607196401799,0.8725637181409296,0.8754688672168042,0.8710411298476793,0.008060799996428182,15,accuracy
0.6961199045181274,0.066290715987034,0.0552901029586792,0.021726200058746786,VarianceThreshold(threshold=0.6),PCA(n_components=64),MinMaxScaler(),"{'feature_selection': VarianceThreshold(threshold=0.6), 'pca': PCA(n_components=64), 'scaler': MinMaxScaler()}",0.8365817091454273,0.8515742128935532,0.8605697151424287,0.8522130532633159,0.8502346726111812,0.008644721998027825,45,accuracy
1.091722309589386,0.07660139813828977,0.04525691270828247,0.00675709321406936,VarianceThreshold(threshold=0.6),PCA(n_components=128),StandardScaler(),"{'feature_selection': VarianceThreshold(threshold=0.6), 'pca': PCA(n_components=128), 'scaler': StandardScaler()}",0.8575712143928036,0.8785607196401799,0.8725637181409296,0.8754688672168042,0.8710411298476793,0.008060799996428182,15,accuracy
1.0368453860282898,0.09537924232578673,0.04839277267456055,0.0033950822281364596,VarianceThreshold(threshold=0.6),PCA(n_components=128),MinMaxScaler(),"{'feature_selection': VarianceThreshold(threshold=0.6), 'pca': PCA(n_components=128), 'scaler': MinMaxScaler()}",0.8365817091454273,0.8515742128935532,0.8605697151424287,0.8522130532633159,0.8502346726111812,0.008644721998027825,45,accuracy
0.4091641902923584,0.08228055295697276,0.1267462968826294,0.020107601170560832,VarianceThreshold(threshold=0.6),,StandardScaler(),"{'feature_selection': VarianceThreshold(threshold=0.6), 'pca': None, 'scaler': StandardScaler()}",0.8523238380809596,0.8575712143928036,0.8740629685157422,0.8589647411852963,0.8607306905437004,0.008085877672501223,39,accuracy
0.7278158664703369,0.09795325388296185,0.037144243717193604,0.008290092242341734,VarianceThreshold(threshold=0.8),PCA(n_components=8),StandardScaler(),"{'feature_selection': VarianceThreshold(threshold=0.8), 'pca': PCA(n_components=8), 'scaler': StandardScaler()}",0.8575712143928036,0.8785607196401799,0.8725637181409296,0.8754688672168042,0.8710411298476793,0.008060799996428182,15,accuracy
0.7002962827682495,0.015037634998393138,0.03049933910369873,0.004928550935109239,VarianceThreshold(threshold=0.8),PCA(n_components=8),MinMaxScaler(),"{'feature_selection': VarianceThreshold(threshold=0.8), 'pca': PCA(n_components=8), 'scaler': MinMaxScaler()}",0.8365817091454273,0.8515742128935532,0.8605697151424287,0.8522130532633159,0.8502346726111812,0.008644721998027825,45,accuracy
0.6253783106803894,0.02379834351699446,0.03545093536376953,0.004954932372119163,VarianceThreshold(threshold=0.8),PCA(n_components=16),StandardScaler(),"{'feature_selection': VarianceThreshold(threshold=0.8), 'pca': PCA(n_components=16), 'scaler': StandardScaler()}",0.8575712143928036,0.8785607196401799,0.8725637181409296,0.8754688672168042,0.8710411298476793,0.008060799996428182,15,accuracy
0.6286987662315369,0.05833528048995663,0.04850614070892334,0.00723426197416275,VarianceThreshold(threshold=0.8),PCA(n_components=16),MinMaxScaler(),"{'feature_selection': VarianceThreshold(threshold=0.8), 'pca': PCA(n_components=16), 'scaler': MinMaxScaler()}",0.8365817091454273,0.8515742128935532,0.8605697151424287,0.8522130532633159,0.8502346726111812,0.008644721998027825,45,accuracy
0.5921672582626343,0.053840588599678045,0.04274952411651611,0.006024807541721451,VarianceThreshold(threshold=0.8),PCA(n_components=32),StandardScaler(),"{'feature_selection': VarianceThreshold(threshold=0.8), 'pca': PCA(n_components=32), 'scaler': StandardScaler()}",0.8575712143928036,0.8785607196401799,0.8725637181409296,0.8754688672168042,0.8710411298476793,0.008060799996428182,15,accuracy
0.5877199769020081,0.08307530564388585,0.04174739122390747,0.008316903983633071,VarianceThreshold(threshold=0.8),PCA(n_components=32),MinMaxScaler(),"{'feature_selection': VarianceThreshold(threshold=0.8), 'pca': PCA(n_components=32), 'scaler': MinMaxScaler()}",0.8365817091454273,0.8515742128935532,0.8605697151424287,0.8522130532633159,0.8502346726111812,0.008644721998027825,45,accuracy
0.6731401085853577,0.021051920032411946,0.039244234561920166,0.0014397903293471132,VarianceThreshold(threshold=0.8),PCA(n_components=64),StandardScaler(),"{'feature_selection': VarianceThreshold(threshold=0.8), 'pca': PCA(n_components=64), 'scaler': StandardScaler()}",0.8575712143928036,0.8785607196401799,0.8725637181409296,0.8754688672168042,0.8710411298476793,0.008060799996428182,15,accuracy
0.6533800363540649,0.029335647482678653,0.039187848567962646,0.005842093800113825,VarianceThreshold(threshold=0.8),PCA(n_components=64),MinMaxScaler(),"{'feature_selection': VarianceThreshold(threshold=0.8), 'pca': PCA(n_components=64), 'scaler': MinMaxScaler()}",0.8365817091454273,0.8515742128935532,0.8605697151424287,0.8522130532633159,0.8502346726111812,0.008644721998027825,45,accuracy
0.7396783232688904,0.036074810237762996,0.05305182933807373,0.007353687032410407,VarianceThreshold(threshold=0.8),PCA(n_components=64),StandardScaler(),"{'feature_selection': VarianceThreshold(threshold=0.8), 'pca': PCA(n_components=64), 'scaler': StandardScaler()}",0.8575712143928036,0.8785607196401799,0.8725637181409296,0.8754688672168042,0.8710411298476793,0.008060799996428182,15,accuracy
0.7215505838394165,0.04625715682213063,0.05224573612213135,0.015497564709199474,VarianceThreshold(threshold=0.8),PCA(n_components=64),MinMaxScaler(),"{'feature_selection': VarianceThreshold(threshold=0.8), 'pca': PCA(n_components=64), 'scaler': MinMaxScaler()}",0.8365817091454273,0.8515742128935532,0.8605697151424287,0.8522130532633159,0.8502346726111812,0.008644721998027825,45,accuracy
1.0751478672027588,0.051274523756008196,0.060910820960998535,0.017360435925459716,VarianceThreshold(threshold=0.8),PCA(n_components=128),StandardScaler(),"{'feature_selection': VarianceThreshold(threshold=0.8), 'pca': PCA(n_components=128), 'scaler': StandardScaler()}",0.8575712143928036,0.8785607196401799,0.8725637181409296,0.8754688672168042,0.8710411298476793,0.008060799996428182,15,accuracy
1.091918706893921,0.03552859005747886,0.05471688508987427,0.012942150720976651,VarianceThreshold(threshold=0.8),PCA(n_components=128),MinMaxScaler(),"{'feature_selection': VarianceThreshold(threshold=0.8), 'pca': PCA(n_components=128), 'scaler': MinMaxScaler()}",0.8365817091454273,0.8515742128935532,0.8605697151424287,0.8522130532633159,0.8502346726111812,0.008644721998027825,45,accuracy
0.3109039068222046,0.02317060024561505,0.1300046443939209,0.013005321960118455,VarianceThreshold(threshold=0.8),,StandardScaler(),"{'feature_selection': VarianceThreshold(threshold=0.8), 'pca': None, 'scaler': StandardScaler()}",0.8523238380809596,0.8575712143928036,0.8740629685157422,0.8589647411852963,0.8607306905437004,0.008085877672501223,39,accuracy
0.7766987681388855,0.10999040558196398,0.035935819149017334,0.0040070191974904985,,PCA(n_components=8),StandardScaler(),"{'feature_selection': None, 'pca': PCA(n_components=8), 'scaler': StandardScaler()}",0.8680659670164917,0.881559220389805,0.8793103448275862,0.8799699924981246,0.8772263811830019,0.005351564977051776,7,accuracy
0.7646068930625916,0.12228630077914089,0.03403264284133911,0.006560197401514099,,PCA(n_components=8),MinMaxScaler(),"{'feature_selection': None, 'pca': PCA(n_components=8), 'scaler': MinMaxScaler()}",0.861319340329835,0.8830584707646177,0.8755622188905547,0.8739684921230307,0.8734771305270096,0.00781349750318573,14,accuracy
0.6983383893966675,0.07034656559785499,0.03841996192932129,0.0037268719214828077,,PCA(n_components=16),StandardScaler(),"{'feature_selection': None, 'pca': PCA(n_components=16), 'scaler': StandardScaler()}",0.8200899550224887,0.856071964017991,0.8545727136431784,0.8439609902475619,0.843673905732805,0.014394278479098296,57,accuracy
0.6258493065834045,0.04762034137984755,0.04885965585708618,0.013805128045147072,,PCA(n_components=16),MinMaxScaler(),"{'feature_selection': None, 'pca': PCA(n_components=16), 'scaler': MinMaxScaler()}",0.815592203898051,0.8545727136431784,0.8568215892053973,0.8469617404351087,0.8434870617954339,0.016514370915210987,58,accuracy
0.5603606104850769,0.03406377085635856,0.04474872350692749,0.005808081031101051,,PCA(n_components=32),StandardScaler(),"{'feature_selection': None, 'pca': PCA(n_components=32), 'scaler': StandardScaler()}",0.767616191904048,0.7833583208395802,0.7968515742128935,0.7899474868717179,0.7844433934570598,0.010823470892897686,59,accuracy
0.5587174892425537,0.03620081818381961,0.05037641525268555,0.012982452605302446,,PCA(n_components=32),MinMaxScaler(),"{'feature_selection': None, 'pca': PCA(n_components=32), 'scaler': MinMaxScaler()}",0.7638680659670165,0.7796101949025487,0.7931034482758621,0.781695423855964,0.7795692832503479,0.010419021004326314,60,accuracy
0.7325687408447266,0.05322789585693815,0.06050175428390503,0.015171765850613507,,PCA(n_components=64),StandardScaler(),"{'feature_selection': None, 'pca': PCA(n_components=64), 'scaler': StandardScaler()}",0.7443778110944528,0.7548725637181409,0.7698650674662668,0.7539384846211553,0.7557634817250041,0.009118834430035349,61,accuracy
0.6917209625244141,0.03994004609635535,0.10674846172332764,0.09565939761939861,,PCA(n_components=64),MinMaxScaler(),"{'feature_selection': None, 'pca': PCA(n_components=64), 'scaler': MinMaxScaler()}",0.7301349325337332,0.7488755622188905,0.7616191904047976,0.7441860465116279,0.7462039329172623,0.01125891208559064,63,accuracy
0.8392245769500732,0.08041030097344562,0.06424850225448608,0.011367592175393154,,PCA(n_components=64),StandardScaler(),"{'feature_selection': None, 'pca': PCA(n_components=64), 'scaler': StandardScaler()}",0.7413793103448276,0.7518740629685158,0.7691154422788605,0.7524381095273819,0.7537017312798965,0.009929270565485435,62,accuracy
0.7210667133331299,0.10142467164133533,0.05624878406524658,0.026097951352403313,,PCA(n_components=64),MinMaxScaler(),"{'feature_selection': None, 'pca': PCA(n_components=64), 'scaler': MinMaxScaler()}",0.732383808095952,0.7511244377811095,0.7593703148425787,0.7419354838709677,0.7462035111476519,0.010084399929399511,64,accuracy
0.9591339826583862,0.0568461188564057,0.04913508892059326,0.01792026018153593,,PCA(n_components=128),StandardScaler(),"{'feature_selection': None, 'pca': PCA(n_components=128), 'scaler': StandardScaler()}",0.7023988005997002,0.7136431784107946,0.732383808095952,0.7081770442610653,0.7141507078418781,0.011252727573837494,65,accuracy
0.8989001512527466,0.052772864462762505,0.02800816297531128,0.007883301152185116,,PCA(n_components=128),MinMaxScaler(),"{'feature_selection': None, 'pca': PCA(n_components=128), 'scaler': MinMaxScaler()}",0.6896551724137931,0.7008995502248876,0.7166416791604198,0.695423855963991,0.700655064440773,0.010049810821923851,66,accuracy
0.2729032635688782,0.0806514516250235,0.11765038967132568,0.026412984315655284,,,StandardScaler(),"{'feature_selection': None, 'pca': None, 'scaler': StandardScaler()}",0.8523238380809596,0.8575712143928036,0.8740629685157422,0.8589647411852963,0.8607306905437004,0.008085877672501223,39,accuracy
0.2636123299598694,0.021118708919132076,0.08627134561538696,0.008029104360312378,,,MinMaxScaler(),"{'feature_selection': None, 'pca': None, 'scaler': MinMaxScaler()}",0.8523238380809596,0.8575712143928036,0.8740629685157422,0.8589647411852963,0.8607306905437004,0.008085877672501223,39,accuracy
0.6152044534683228,0.03283690215805745,0.05000007152557373,0.007907029001896094,VarianceThreshold(threshold=0.2),PCA(n_components=8),StandardScaler(),"{'feature_selection': VarianceThreshold(threshold=0.2), 'pca': PCA(n_components=8), 'scaler': StandardScaler()}",0.9818761740672249,0.9820530374204116,0.983194268320257,0.9833963335958174,0.9826299533509277,0.0006720872829828302,2,roc_auc
0.5546206831932068,0.04873446961591325,0.041085243225097656,0.006362843215149511,VarianceThreshold(threshold=0.2),PCA(n_components=8),MinMaxScaler(),"{'feature_selection': VarianceThreshold(threshold=0.2), 'pca': PCA(n_components=8), 'scaler': MinMaxScaler()}",0.9808240666182458,0.9809726036734606,0.9829876737446304,0.9822030740223118,0.9817468545146621,0.0008942553420993211,28,roc_auc
0.5682036280632019,0.013047406564826688,0.04577493667602539,0.005630187134252983,VarianceThreshold(threshold=0.2),PCA(n_components=16),StandardScaler(),"{'feature_selection': VarianceThreshold(threshold=0.2), 'pca': PCA(n_components=16), 'scaler': StandardScaler()}",0.9818761740672249,0.9820525346552029,0.9831937655550483,0.9833963335958174,0.9826297019683234,0.0006720896865767969,6,roc_auc
0.638451099395752,0.03860305454121257,0.06552308797836304,0.010721081558410587,VarianceThreshold(threshold=0.2),PCA(n_components=16),MinMaxScaler(),"{'feature_selection': VarianceThreshold(threshold=0.2), 'pca': PCA(n_components=16), 'scaler': MinMaxScaler()}",0.9808240666182458,0.9809726036734606,0.9829876737446304,0.9822030740223118,0.9817468545146621,0.0008942553420993211,28,roc_auc
0.5503320097923279,0.006609186116458035,0.04957836866378784,0.01115194195557786,VarianceThreshold(threshold=0.2),PCA(n_components=32),StandardScaler(),"{'feature_selection': VarianceThreshold(threshold=0.2), 'pca': PCA(n_components=32), 'scaler': StandardScaler()}",0.9818767851141372,0.9820535401856203,0.9831950873713863,0.9833941846447368,0.9826298993289702,0.0006713680901512076,3,roc_auc
0.5257017016410828,0.005161908250000631,0.04240822792053223,0.0068130108139829995,VarianceThreshold(threshold=0.2),PCA(n_components=32),MinMaxScaler(),"{'feature_selection': VarianceThreshold(threshold=0.2), 'pca': PCA(n_components=32), 'scaler': MinMaxScaler()}",0.9808240666182458,0.9809726036734606,0.9829876737446304,0.9822030740223118,0.9817468545146621,0.0008942553420993211,28,roc_auc
0.6954719424247742,0.04407110322347179,0.04937243461608887,0.009987453854392973,VarianceThreshold(threshold=0.2),PCA(n_components=64),StandardScaler(),"{'feature_selection': VarianceThreshold(threshold=0.2), 'pca': PCA(n_components=64), 'scaler': StandardScaler()}",0.9818761740672249,0.9820530374204116,0.9831937655550483,0.9833963335958174,0.9826298276596255,0.0006719817738417412,5,roc_auc
0.6903980374336243,0.018876435034664817,0.04668545722961426,0.004451512731741383,VarianceThreshold(threshold=0.2),PCA(n_components=64),MinMaxScaler(),"{'feature_selection': VarianceThreshold(threshold=0.2), 'pca': PCA(n_components=64), 'scaler': MinMaxScaler()}",0.9808240666182458,0.9809726036734606,0.9829876737446304,0.9822030740223118,0.9817468545146621,0.0008942553420993211,28,roc_auc
0.668106734752655,0.014722310780830403,0.048295438289642334,0.009001551706063147,VarianceThreshold(threshold=0.2),PCA(n_components=64),StandardScaler(),"{'feature_selection': VarianceThreshold(threshold=0.2), 'pca': PCA(n_components=64), 'scaler': StandardScaler()}",0.9818761740672249,0.9820525346552029,0.983195403657307,0.9833963335958174,0.982630111493888,0.0006724336746878238,1,roc_auc
0.6713682413101196,0.034385961078832655,0.048227667808532715,0.005620415565398067,VarianceThreshold(threshold=0.2),PCA(n_components=64),MinMaxScaler(),"{'feature_selection': VarianceThreshold(threshold=0.2), 'pca': PCA(n_components=64), 'scaler': MinMaxScaler()}",0.9808240666182458,0.9809726036734606,0.9829876737446304,0.9822030740223118,0.9817468545146621,0.0008942553420993211,28,roc_auc
0.9891496896743774,0.04051014156910963,0.05333912372589111,0.012484645053298432,VarianceThreshold(threshold=0.2),PCA(n_components=128),StandardScaler(),"{'feature_selection': VarianceThreshold(threshold=0.2), 'pca': PCA(n_components=128), 'scaler': StandardScaler()}",0.9818761740672249,0.9820525346552029,0.9831937655550483,0.9833963335958174,0.9826297019683234,0.0006720896865767969,6,roc_auc
1.0812190771102905,0.08857541625812759,0.04900074005126953,0.006040051389911952,VarianceThreshold(threshold=0.2),PCA(n_components=128),MinMaxScaler(),"{'feature_selection': VarianceThreshold(threshold=0.2), 'pca': PCA(n_components=128), 'scaler': MinMaxScaler()}",0.9808240666182458,0.9809726036734606,0.9829876737446304,0.9822030740223118,0.9817468545146621,0.0008942553420993211,28,roc_auc
0.37737685441970825,0.07880779663437301,0.13079655170440674,0.013334848790145341,VarianceThreshold(threshold=0.2),,StandardScaler(),"{'feature_selection': VarianceThreshold(threshold=0.2), 'pca': None, 'scaler': StandardScaler()}",0.9738139340340343,0.9734490573263587,0.9782733711481141,0.9752909371191967,0.9752068249069259,0.0019000442471608673,56,roc_auc
0.6645864844322205,0.04703766311314137,0.03524816036224365,0.004140092495313358,VarianceThreshold(threshold=0.4),PCA(n_components=8),StandardScaler(),"{'feature_selection': VarianceThreshold(threshold=0.4), 'pca': PCA(n_components=8), 'scaler': StandardScaler()}",0.9818955384980306,0.9819518670024289,0.9831057464520653,0.983542261736998,0.9826238534223806,0.0007172348119771452,8,roc_auc
0.5886448621749878,0.04181515712588696,0.03139430284500122,0.006533595802482302,VarianceThreshold(threshold=0.4),PCA(n_components=8),MinMaxScaler(),"{'feature_selection': VarianceThreshold(threshold=0.4), 'pca': PCA(n_components=8), 'scaler': MinMaxScaler()}",0.9808240666182458,0.9809726036734606,0.9829876737446304,0.9822030740223118,0.9817468545146621,0.0008942553420993211,28,roc_auc
0.6327928304672241,0.020924651533570027,0.04350018501281738,0.006686368953427758,VarianceThreshold(threshold=0.4),PCA(n_components=16),StandardScaler(),"{'feature_selection': VarianceThreshold(threshold=0.4), 'pca': PCA(n_components=16), 'scaler': StandardScaler()}",0.9818955384980306,0.9819518670024289,0.9831057464520653,0.983542261736998,0.9826238534223806,0.0007172348119771452,8,roc_auc
0.6297988295555115,0.045130303830125174,0.044755756855010986,0.0034935010400429355,VarianceThreshold(threshold=0.4),PCA(n_components=16),MinMaxScaler(),"{'feature_selection': VarianceThreshold(threshold=0.4), 'pca': PCA(n_components=16), 'scaler': MinMaxScaler()}",0.9808240666182458,0.9809726036734606,0.9829876737446304,0.9822030740223118,0.9817468545146621,0.0008942553420993211,28,roc_auc
0.630300760269165,0.024720872158548773,0.04399752616882324,0.008686971605078937,VarianceThreshold(threshold=0.4),PCA(n_components=32),StandardScaler(),"{'feature_selection': VarianceThreshold(threshold=0.4), 'pca': PCA(n_components=32), 'scaler': StandardScaler()}",0.9818955384980306,0.9819518670024289,0.9831057464520653,0.983542261736998,0.9826238534223806,0.0007172348119771452,8,roc_auc
0.5547612905502319,0.028497570509123108,0.05200076103210449,0.0067449703440390545,VarianceThreshold(threshold=0.4),PCA(n_components=32),MinMaxScaler(),"{'feature_selection': VarianceThreshold(threshold=0.4), 'pca': PCA(n_components=32), 'scaler': MinMaxScaler()}",0.9808240666182458,0.9809726036734606,0.9829876737446304,0.9822030740223118,0.9817468545146621,0.0008942553420993211,28,roc_auc
0.7249632477760315,0.05257883304020288,0.06262975931167603,0.004538579611437029,VarianceThreshold(threshold=0.4),PCA(n_components=64),StandardScaler(),"{'feature_selection': VarianceThreshold(threshold=0.4), 'pca': PCA(n_components=64), 'scaler': StandardScaler()}",0.9818955384980306,0.9819518670024289,0.9831057464520653,0.983542261736998,0.9826238534223806,0.0007172348119771452,8,roc_auc
0.6875909566879272,0.06420965672673241,0.05099838972091675,0.006206156178578583,VarianceThreshold(threshold=0.4),PCA(n_components=64),MinMaxScaler(),"{'feature_selection': VarianceThreshold(threshold=0.4), 'pca': PCA(n_components=64), 'scaler': MinMaxScaler()}",0.9808240666182458,0.9809726036734606,0.9829876737446304,0.9822030740223118,0.9817468545146621,0.0008942553420993211,28,roc_auc
0.6935335993766785,0.027341424933012354,0.057318806648254395,0.01000846651110083,VarianceThreshold(threshold=0.4),PCA(n_components=64),StandardScaler(),"{'feature_selection': VarianceThreshold(threshold=0.4), 'pca': PCA(n_components=64), 'scaler': StandardScaler()}",0.9818955384980306,0.9819518670024289,0.9831057464520653,0.983542261736998,0.9826238534223806,0.0007172348119771452,8,roc_auc
0.6401475667953491,0.026594293887582818,0.04730492830276489,0.00730018008972341,VarianceThreshold(threshold=0.4),PCA(n_components=64),MinMaxScaler(),"{'feature_selection': VarianceThreshold(threshold=0.4), 'pca': PCA(n_components=64), 'scaler': MinMaxScaler()}",0.9808240666182458,0.9809726036734606,0.9829876737446304,0.9822030740223118,0.9817468545146621,0.0008942553420993211,28,roc_auc
1.0409982204437256,0.007470810030936039,0.050398051738739014,0.0018139715492147056,VarianceThreshold(threshold=0.4),PCA(n_components=128),StandardScaler(),"{'feature_selection': VarianceThreshold(threshold=0.4), 'pca': PCA(n_components=128), 'scaler': StandardScaler()}",0.9818955384980306,0.9819518670024289,0.9831057464520653,0.983542261736998,0.9826238534223806,0.0007172348119771452,8,roc_auc
1.032720685005188,0.07967451231181197,0.051998019218444824,0.006704643597748766,VarianceThreshold(threshold=0.4),PCA(n_components=128),MinMaxScaler(),"{'feature_selection': VarianceThreshold(threshold=0.4), 'pca': PCA(n_components=128), 'scaler': MinMaxScaler()}",0.9808240666182458,0.9809726036734606,0.9829876737446304,0.9822030740223118,0.9817468545146621,0.0008942553420993211,28,roc_auc
0.3266639709472656,0.007189888251331456,0.13611376285552979,0.013194937456203662,VarianceThreshold(threshold=0.4),,StandardScaler(),"{'feature_selection': VarianceThreshold(threshold=0.4), 'pca': None, 'scaler': StandardScaler()}",0.9738139340340343,0.9734490573263587,0.9782733711481141,0.9752909371191967,0.9752068249069259,0.0019000442471608673,56,roc_auc
0.7020871639251709,0.010835804969970005,0.040755391120910645,0.006177400561472018,VarianceThreshold(threshold=0.6),PCA(n_components=8),StandardScaler(),"{'feature_selection': VarianceThreshold(threshold=0.6), 'pca': PCA(n_components=8), 'scaler': StandardScaler()}",0.9815324911474903,0.9817318676099365,0.9831615570411414,0.9830705644350507,0.9823741200584047,0.0007459757373389697,14,roc_auc
0.6048377156257629,0.024887178032707655,0.04300117492675781,0.0057880557087790505,VarianceThreshold(threshold=0.6),PCA(n_components=8),MinMaxScaler(),"{'feature_selection': VarianceThreshold(threshold=0.6), 'pca': PCA(n_components=8), 'scaler': MinMaxScaler()}",0.9773647630307261,0.9765897762101952,0.9804537719868567,0.9778784730799026,0.9780716960769202,0.0014497811550775402,41,roc_auc
0.6593624353408813,0.04544852897753304,0.05430328845977783,0.009500078954407201,VarianceThreshold(threshold=0.6),PCA(n_components=16),StandardScaler(),"{'feature_selection': VarianceThreshold(threshold=0.6), 'pca': PCA(n_components=16), 'scaler': StandardScaler()}",0.9815324911474903,0.9817318676099365,0.9831615570411414,0.9830705644350507,0.9823741200584047,0.0007459757373389697,14,roc_auc
0.6284424662590027,0.08052171381963719,0.054856717586517334,0.016397929864571288,VarianceThreshold(threshold=0.6),PCA(n_components=16),MinMaxScaler(),"{'feature_selection': VarianceThreshold(threshold=0.6), 'pca': PCA(n_components=16), 'scaler': MinMaxScaler()}",0.9773647630307261,0.9765897762101952,0.9804537719868567,0.9778784730799026,0.9780716960769202,0.0014497811550775402,41,roc_auc
0.559304416179657,0.029558492632233035,0.09588581323623657,0.09463506059167366,VarianceThreshold(threshold=0.6),PCA(n_components=32),StandardScaler(),"{'feature_selection': VarianceThreshold(threshold=0.6), 'pca': PCA(n_components=32), 'scaler': StandardScaler()}",0.9815324911474903,0.9817318676099365,0.9831615570411414,0.9830705644350507,0.9823741200584047,0.0007459757373389697,14,roc_auc
0.5066338181495667,0.023532725520765595,0.051766395568847656,0.014865128005925075,VarianceThreshold(threshold=0.6),PCA(n_components=32),MinMaxScaler(),"{'feature_selection': VarianceThreshold(threshold=0.6), 'pca': PCA(n_components=32), 'scaler': MinMaxScaler()}",0.9773647630307261,0.9765897762101952,0.9804537719868567,0.9778784730799026,0.9780716960769202,0.0014497811550775402,41,roc_auc
0.7085287570953369,0.012450299473668547,0.051629602909088135,0.005624326499700236,VarianceThreshold(threshold=0.6),PCA(n_components=64),StandardScaler(),"{'feature_selection': VarianceThreshold(threshold=0.6), 'pca': PCA(n_components=64), 'scaler': StandardScaler()}",0.9815324911474903,0.9817318676099365,0.9831615570411414,0.9830705644350507,0.9823741200584047,0.0007459757373389697,14,roc_auc
0.7336461544036865,0.12807492238572804,0.04962891340255737,0.005134868037035197,VarianceThreshold(threshold=0.6),PCA(n_components=64),MinMaxScaler(),"{'feature_selection': VarianceThreshold(threshold=0.6), 'pca': PCA(n_components=64), 'scaler': MinMaxScaler()}",0.9773647630307261,0.9765897762101952,0.9804537719868567,0.9778784730799026,0.9780716960769202,0.0014497811550775402,41,roc_auc
0.8033627867698669,0.16077822260821764,0.05688220262527466,0.00821822116922057,VarianceThreshold(threshold=0.6),PCA(n_components=64),StandardScaler(),"{'feature_selection': VarianceThreshold(threshold=0.6), 'pca': PCA(n_components=64), 'scaler': StandardScaler()}",0.9815324911474903,0.9817318676099365,0.9831615570411414,0.9830705644350507,0.9823741200584047,0.0007459757373389697,14,roc_auc
0.6503127217292786,0.055440543257018894,0.05012756586074829,0.005213165800194122,VarianceThreshold(threshold=0.6),PCA(n_components=64),MinMaxScaler(),"{'feature_selection': VarianceThreshold(threshold=0.6), 'pca': PCA(n_components=64), 'scaler': MinMaxScaler()}",0.9773647630307261,0.9765897762101952,0.9804537719868567,0.9778784730799026,0.9780716960769202,0.0014497811550775402,41,roc_auc
1.0424520373344421,0.023527347090169598,0.059751033782958984,0.009284741385421538,VarianceThreshold(threshold=0.6),PCA(n_components=128),StandardScaler(),"{'feature_selection': VarianceThreshold(threshold=0.6), 'pca': PCA(n_components=128), 'scaler': StandardScaler()}",0.9815324911474903,0.9817318676099365,0.9831615570411414,0.9830705644350507,0.9823741200584047,0.0007459757373389697,14,roc_auc
1.0235615372657776,0.03502369573619981,0.04900312423706055,0.006819584773388561,VarianceThreshold(threshold=0.6),PCA(n_components=128),MinMaxScaler(),"{'feature_selection': VarianceThreshold(threshold=0.6), 'pca': PCA(n_components=128), 'scaler': MinMaxScaler()}",0.9773647630307261,0.9765897762101952,0.9804537719868567,0.9778784730799026,0.9780716960769202,0.0014497811550775402,41,roc_auc
0.32200145721435547,0.028765439559850742,0.1260744333267212,0.005505477481406468,VarianceThreshold(threshold=0.6),,StandardScaler(),"{'feature_selection': VarianceThreshold(threshold=0.6), 'pca': None, 'scaler': StandardScaler()}",0.9738139340340343,0.9734490573263587,0.9782733711481141,0.9752909371191967,0.9752068249069259,0.0019000442471608673,56,roc_auc
0.7080129981040955,0.08756273015323605,0.042251527309417725,0.0058015457593535,VarianceThreshold(threshold=0.8),PCA(n_components=8),StandardScaler(),"{'feature_selection': VarianceThreshold(threshold=0.8), 'pca': PCA(n_components=8), 'scaler': StandardScaler()}",0.9815324911474903,0.9817318676099365,0.9831615570411414,0.9830705644350507,0.9823741200584047,0.0007459757373389697,14,roc_auc
0.6401773691177368,0.046263710225389616,0.040000081062316895,0.011248150380378977,VarianceThreshold(threshold=0.8),PCA(n_components=8),MinMaxScaler(),"{'feature_selection': VarianceThreshold(threshold=0.8), 'pca': PCA(n_components=8), 'scaler': MinMaxScaler()}",0.9773647630307261,0.9765897762101952,0.9804537719868567,0.9778784730799026,0.9780716960769202,0.0014497811550775402,41,roc_auc
0.6495012640953064,0.07728786475152638,0.05249840021133423,0.0112813584000602,VarianceThreshold(threshold=0.8),PCA(n_components=16),StandardScaler(),"{'feature_selection': VarianceThreshold(threshold=0.8), 'pca': PCA(n_components=16), 'scaler': StandardScaler()}",0.9815324911474903,0.9817318676099365,0.9831615570411414,0.9830705644350507,0.9823741200584047,0.0007459757373389697,14,roc_auc
0.5907514691352844,0.036002444828318145,0.05099689960479736,0.006517816291789955,VarianceThreshold(threshold=0.8),PCA(n_components=16),MinMaxScaler(),"{'feature_selection': VarianceThreshold(threshold=0.8), 'pca': PCA(n_components=16), 'scaler': MinMaxScaler()}",0.9773647630307261,0.9765897762101952,0.9804537719868567,0.9778784730799026,0.9780716960769202,0.0014497811550775402,41,roc_auc
0.541750431060791,0.021540911871551754,0.05225032567977905,0.0019204200854307473,VarianceThreshold(threshold=0.8),PCA(n_components=32),StandardScaler(),"{'feature_selection': VarianceThreshold(threshold=0.8), 'pca': PCA(n_components=32), 'scaler': StandardScaler()}",0.9815324911474903,0.9817318676099365,0.9831615570411414,0.9830705644350507,0.9823741200584047,0.0007459757373389697,14,roc_auc
0.5462653636932373,0.035147210640928385,0.058665454387664795,0.013275813991844089,VarianceThreshold(threshold=0.8),PCA(n_components=32),MinMaxScaler(),"{'feature_selection': VarianceThreshold(threshold=0.8), 'pca': PCA(n_components=32), 'scaler': MinMaxScaler()}",0.9773647630307261,0.9765897762101952,0.9804537719868567,0.9778784730799026,0.9780716960769202,0.0014497811550775402,41,roc_auc
0.6992953419685364,0.03932223520713581,0.05090242624282837,0.003247275311200461,VarianceThreshold(threshold=0.8),PCA(n_components=64),StandardScaler(),"{'feature_selection': VarianceThreshold(threshold=0.8), 'pca': PCA(n_components=64), 'scaler': StandardScaler()}",0.9815324911474903,0.9817318676099365,0.9831615570411414,0.9830705644350507,0.9823741200584047,0.0007459757373389697,14,roc_auc
0.6301388740539551,0.03098537533911943,0.05156010389328003,0.006906946602301655,VarianceThreshold(threshold=0.8),PCA(n_components=64),MinMaxScaler(),"{'feature_selection': VarianceThreshold(threshold=0.8), 'pca': PCA(n_components=64), 'scaler': MinMaxScaler()}",0.9773647630307261,0.9765897762101952,0.9804537719868567,0.9778784730799026,0.9780716960769202,0.0014497811550775402,41,roc_auc
0.7073658108711243,0.06718091452682996,0.05796933174133301,0.010087781376792629,VarianceThreshold(threshold=0.8),PCA(n_components=64),StandardScaler(),"{'feature_selection': VarianceThreshold(threshold=0.8), 'pca': PCA(n_components=64), 'scaler': StandardScaler()}",0.9815324911474903,0.9817318676099365,0.9831615570411414,0.9830705644350507,0.9823741200584047,0.0007459757373389697,14,roc_auc
0.6649150848388672,0.015981175953556064,0.06329959630966187,0.01653886960991665,VarianceThreshold(threshold=0.8),PCA(n_components=64),MinMaxScaler(),"{'feature_selection': VarianceThreshold(threshold=0.8), 'pca': PCA(n_components=64), 'scaler': MinMaxScaler()}",0.9773647630307261,0.9765897762101952,0.9804537719868567,0.9778784730799026,0.9780716960769202,0.0014497811550775402,41,roc_auc
1.005689799785614,0.032873252178155656,0.0503268837928772,0.0010517315541352698,VarianceThreshold(threshold=0.8),PCA(n_components=128),StandardScaler(),"{'feature_selection': VarianceThreshold(threshold=0.8), 'pca': PCA(n_components=128), 'scaler': StandardScaler()}",0.9815324911474903,0.9817318676099365,0.9831615570411414,0.9830705644350507,0.9823741200584047,0.0007459757373389697,14,roc_auc
1.0082563757896423,0.05439348474527049,0.05557847023010254,0.007444293438376202,VarianceThreshold(threshold=0.8),PCA(n_components=128),MinMaxScaler(),"{'feature_selection': VarianceThreshold(threshold=0.8), 'pca': PCA(n_components=128), 'scaler': MinMaxScaler()}",0.9773647630307261,0.9765897762101952,0.9804537719868567,0.9778784730799026,0.9780716960769202,0.0014497811550775402,41,roc_auc
0.30867379903793335,0.023097300404308324,0.1272522211074829,0.007392089680044234,VarianceThreshold(threshold=0.8),,StandardScaler(),"{'feature_selection': VarianceThreshold(threshold=0.8), 'pca': None, 'scaler': StandardScaler()}",0.9738139340340343,0.9734490573263587,0.9782733711481141,0.9752909371191967,0.9752068249069259,0.0019000442471608673,56,roc_auc
0.7016622424125671,0.038696430851465805,0.04246664047241211,0.0043449620237389856,,PCA(n_components=8),StandardScaler(),"{'feature_selection': None, 'pca': PCA(n_components=8), 'scaler': StandardScaler()}",0.9818761740672249,0.9820525346552029,0.983194268320257,0.9833963335958174,0.9826298276596257,0.0006721952022822343,4,roc_auc
0.657799243927002,0.0416599057210525,0.04364025592803955,0.003604540553003619,,PCA(n_components=8),MinMaxScaler(),"{'feature_selection': None, 'pca': PCA(n_components=8), 'scaler': MinMaxScaler()}",0.9813429522363564,0.9817319720649881,0.9832666405682822,0.9821294444682099,0.9821177523344592,0.0007192396137835206,26,roc_auc
0.6120778918266296,0.017726576101830017,0.04563504457473755,0.004109149441132649,,PCA(n_components=16),StandardScaler(),"{'feature_selection': None, 'pca': PCA(n_components=16), 'scaler': StandardScaler()}",0.9812008368149833,0.9814392729396155,0.9830068446671285,0.9828106277407377,0.9821143955406163,0.000801808080443907,27,roc_auc
0.6258366107940674,0.05570400727022189,0.04573017358779907,0.003589918282526371,,PCA(n_components=16),MinMaxScaler(),"{'feature_selection': None, 'pca': PCA(n_components=16), 'scaler': MinMaxScaler()}",0.9804002246798177,0.9814364264941,0.9830628046012354,0.9817059800073078,0.9816513589456153,0.0009495650595031112,40,roc_auc
0.5561341643333435,0.0457202698645291,0.0643848180770874,0.024151755576321994,,PCA(n_components=32),StandardScaler(),"{'feature_selection': None, 'pca': PCA(n_components=32), 'scaler': StandardScaler()}",0.9729624533320977,0.9756056054151371,0.9789656421774072,0.9761766137074723,0.9759275786580286,0.0021323392888589125,54,roc_auc
0.5680675506591797,0.04036285099255418,0.051014602184295654,0.0024138090536735975,,PCA(n_components=32),MinMaxScaler(),"{'feature_selection': None, 'pca': PCA(n_components=32), 'scaler': MinMaxScaler()}",0.9735942197892437,0.9760353730530408,0.9795207376996664,0.975572240046041,0.976180642646998,0.0021352444321291325,53,roc_auc
0.6937946677207947,0.021497926286650215,0.061500728130340576,0.01707059353030263,,PCA(n_components=64),StandardScaler(),"{'feature_selection': None, 'pca': PCA(n_components=64), 'scaler': StandardScaler()}",0.9447021378805474,0.9521365402701157,0.9602149222672132,0.9529380981595598,0.9524979246443589,0.005492055511540945,63,roc_auc
0.6545132994651794,0.012431324711734712,0.05049622058868408,0.0032024289713619004,,PCA(n_components=64),MinMaxScaler(),"{'feature_selection': None, 'pca': PCA(n_components=64), 'scaler': MinMaxScaler()}",0.948279076838465,0.9526698789349692,0.9624114566239307,0.9536537276547644,0.9542535350130323,0.005126245481096157,62,roc_auc
0.7227739691734314,0.0306018338462259,0.061497509479522705,0.007565356276653799,,PCA(n_components=64),StandardScaler(),"{'feature_selection': None, 'pca': PCA(n_components=64), 'scaler': StandardScaler()}",0.9446352561673184,0.9521778738896423,0.9603573327404649,0.9526957956267864,0.952466564606053,0.005561688206027337,64,roc_auc
0.749019205570221,0.038297529808864604,0.08100050687789917,0.012102118252360159,,PCA(n_components=64),MinMaxScaler(),"{'feature_selection': None, 'pca': PCA(n_components=64), 'scaler': MinMaxScaler()}",0.948859910072828,0.9534847693766402,0.963484766444919,0.954246356814697,0.955018950677271,0.0053045836622355935,61,roc_auc
0.870742678642273,0.00973277097648103,0.042750000953674316,0.007822309425845718,,PCA(n_components=128),StandardScaler(),"{'feature_selection': None, 'pca': PCA(n_components=128), 'scaler': StandardScaler()}",0.9046392177921874,0.9038309584078924,0.9232023790825151,0.9091084124367879,0.9101952419298456,0.0077740003251444145,66,roc_auc
0.8222469687461853,0.01568933528075056,0.04774904251098633,0.005761481763684417,,PCA(n_components=128),MinMaxScaler(),"{'feature_selection': None, 'pca': PCA(n_components=128), 'scaler': MinMaxScaler()}",0.9057328605685955,0.9053775347585752,0.9237017609503045,0.9099845723636669,0.9111991821602855,0.007442479485566165,65,roc_auc
0.2469974160194397,0.021158236034917736,0.11300462484359741,0.00908060064915786,,,StandardScaler(),"{'feature_selection': None, 'pca': None, 'scaler': StandardScaler()}",0.9738139340340343,0.9734490573263587,0.9782733711481141,0.9752909371191967,0.9752068249069259,0.0019000442471608673,56,roc_auc
0.23025280237197876,0.01851246792149457,0.0989953875541687,0.013016753329687757,,,MinMaxScaler(),"{'feature_selection': None, 'pca': None, 'scaler': MinMaxScaler()}",0.9738139340340343,0.9734306286759502,0.9782686233765764,0.9753750537853001,0.9752220599679653,0.0019037463349045928,55,roc_auc
0.6164839267730713,0.0625823746941633,0.05010390281677246,0.014012669654824318,VarianceThreshold(threshold=0.2),PCA(n_components=8),StandardScaler(),"{'feature_selection': VarianceThreshold(threshold=0.2), 'pca': PCA(n_components=8), 'scaler': StandardScaler()}",0.8681649647493571,0.8821339576279246,0.8798900306452487,0.8805494954281681,0.8776846121126746,0.005556342968878155,7,f1_score
0.5990041494369507,0.04085942633202986,0.03703165054321289,0.016303742478214662,VarianceThreshold(threshold=0.2),PCA(n_components=8),MinMaxScaler(),"{'feature_selection': VarianceThreshold(threshold=0.2), 'pca': PCA(n_components=8), 'scaler': MinMaxScaler()}",0.8465847002232414,0.8724527657852116,0.8731750551823148,0.8654304080746849,0.8644107323163632,0.010727241216289445,27,f1_score
0.6050294637680054,0.05515154117824161,0.04643529653549194,0.008546692472336196,VarianceThreshold(threshold=0.2),PCA(n_components=16),StandardScaler(),"{'feature_selection': VarianceThreshold(threshold=0.2), 'pca': PCA(n_components=16), 'scaler': StandardScaler()}",0.8681649647493571,0.8821339576279246,0.8798900306452487,0.8805494954281681,0.8776846121126746,0.005556342968878155,7,f1_score
0.6222485899925232,0.015986257226484335,0.038343071937561035,0.0070695684131729915,VarianceThreshold(threshold=0.2),PCA(n_components=16),MinMaxScaler(),"{'feature_selection': VarianceThreshold(threshold=0.2), 'pca': PCA(n_components=16), 'scaler': MinMaxScaler()}",0.8465847002232414,0.8724527657852116,0.8731750551823148,0.8654304080746849,0.8644107323163632,0.010727241216289445,27,f1_score
0.5412700772285461,0.03633735094463766,0.04288095235824585,0.004422113001083466,VarianceThreshold(threshold=0.2),PCA(n_components=32),StandardScaler(),"{'feature_selection': VarianceThreshold(threshold=0.2), 'pca': PCA(n_components=32), 'scaler': StandardScaler()}",0.8681649647493571,0.8821339576279246,0.8798900306452487,0.8805494954281681,0.8776846121126746,0.005556342968878155,7,f1_score
0.5297078490257263,0.02290996130278441,0.04199981689453125,0.011199259449371267,VarianceThreshold(threshold=0.2),PCA(n_components=32),MinMaxScaler(),"{'feature_selection': VarianceThreshold(threshold=0.2), 'pca': PCA(n_components=32), 'scaler': MinMaxScaler()}",0.8465847002232414,0.8724527657852116,0.8731750551823148,0.8654304080746849,0.8644107323163632,0.010727241216289445,27,f1_score
0.7183747291564941,0.04528379214201982,0.04706305265426636,0.0065320741040871735,VarianceThreshold(threshold=0.2),PCA(n_components=64),StandardScaler(),"{'feature_selection': VarianceThreshold(threshold=0.2), 'pca': PCA(n_components=64), 'scaler': StandardScaler()}",0.8681649647493571,0.8821339576279246,0.8798900306452487,0.8805494954281681,0.8776846121126746,0.005556342968878155,7,f1_score
0.6843090653419495,0.036030786744874296,0.041800081729888916,0.004994944590586727,VarianceThreshold(threshold=0.2),PCA(n_components=64),MinMaxScaler(),"{'feature_selection': VarianceThreshold(threshold=0.2), 'pca': PCA(n_components=64), 'scaler': MinMaxScaler()}",0.8465847002232414,0.8724527657852116,0.8731750551823148,0.8654304080746849,0.8644107323163632,0.010727241216289445,27,f1_score
0.6430665850639343,0.03692087718982451,0.0446816086769104,0.006002482736508261,VarianceThreshold(threshold=0.2),PCA(n_components=64),StandardScaler(),"{'feature_selection': VarianceThreshold(threshold=0.2), 'pca': PCA(n_components=64), 'scaler': StandardScaler()}",0.8681649647493571,0.8821339576279246,0.8798900306452487,0.8805494954281681,0.8776846121126746,0.005556342968878155,7,f1_score
0.6816493272781372,0.051178372585872815,0.04052692651748657,0.003605295333610846,VarianceThreshold(threshold=0.2),PCA(n_components=64),MinMaxScaler(),"{'feature_selection': VarianceThreshold(threshold=0.2), 'pca': PCA(n_components=64), 'scaler': MinMaxScaler()}",0.8465847002232414,0.8724527657852116,0.8731750551823148,0.8654304080746849,0.8644107323163632,0.010727241216289445,27,f1_score
1.0783596634864807,0.036080114817077985,0.049998462200164795,0.00667665362724302,VarianceThreshold(threshold=0.2),PCA(n_components=128),StandardScaler(),"{'feature_selection': VarianceThreshold(threshold=0.2), 'pca': PCA(n_components=128), 'scaler': StandardScaler()}",0.8681649647493571,0.8821339576279246,0.8798900306452487,0.8805494954281681,0.8776846121126746,0.005556342968878155,7,f1_score
1.0611836314201355,0.05695823555421979,0.04425013065338135,0.004655674428219211,VarianceThreshold(threshold=0.2),PCA(n_components=128),MinMaxScaler(),"{'feature_selection': VarianceThreshold(threshold=0.2), 'pca': PCA(n_components=128), 'scaler': MinMaxScaler()}",0.8465847002232414,0.8724527657852116,0.8731750551823148,0.8654304080746849,0.8644107323163632,0.010727241216289445,27,f1_score
0.32692432403564453,0.013316094266901779,0.12650352716445923,0.008443322064181382,VarianceThreshold(threshold=0.2),,StandardScaler(),"{'feature_selection': VarianceThreshold(threshold=0.2), 'pca': None, 'scaler': StandardScaler()}",0.8516248569826177,0.8574782372900047,0.8744349099037723,0.8585108702293013,0.860512218601424,0.008456313729228521,39,f1_score
0.6619990468025208,0.04879478948176347,0.03500252962112427,0.0074864069675806095,VarianceThreshold(threshold=0.4),PCA(n_components=8),StandardScaler(),"{'feature_selection': VarianceThreshold(threshold=0.4), 'pca': PCA(n_components=8), 'scaler': StandardScaler()}",0.8665714664206635,0.8850597782193708,0.8798186887321152,0.8804114795010125,0.8779653532182905,0.006884219432348857,1,f1_score
0.6018731594085693,0.04955665992867157,0.03125983476638794,0.0052208759711098555,VarianceThreshold(threshold=0.4),PCA(n_components=8),MinMaxScaler(),"{'feature_selection': VarianceThreshold(threshold=0.4), 'pca': PCA(n_components=8), 'scaler': MinMaxScaler()}",0.8465847002232414,0.8724527657852116,0.8731750551823148,0.8654304080746849,0.8644107323163632,0.010727241216289445,27,f1_score
0.6628236174583435,0.04149020358147899,0.050499796867370605,0.006539415782324662,VarianceThreshold(threshold=0.4),PCA(n_components=16),StandardScaler(),"{'feature_selection': VarianceThreshold(threshold=0.4), 'pca': PCA(n_components=16), 'scaler': StandardScaler()}",0.8665714664206635,0.8850597782193708,0.8798186887321152,0.8804114795010125,0.8779653532182905,0.006884219432348857,1,f1_score
0.6154444217681885,0.0536766953174669,0.04187852144241333,0.008505158872229395,VarianceThreshold(threshold=0.4),PCA(n_components=16),MinMaxScaler(),"{'feature_selection': VarianceThreshold(threshold=0.4), 'pca': PCA(n_components=16), 'scaler': MinMaxScaler()}",0.8465847002232414,0.8724527657852116,0.8731750551823148,0.8654304080746849,0.8644107323163632,0.010727241216289445,27,f1_score
0.611271321773529,0.02799991834924839,0.05741751194000244,0.03020090005958762,VarianceThreshold(threshold=0.4),PCA(n_components=32),StandardScaler(),"{'feature_selection': VarianceThreshold(threshold=0.4), 'pca': PCA(n_components=32), 'scaler': StandardScaler()}",0.8665714664206635,0.8850597782193708,0.8798186887321152,0.8804114795010125,0.8779653532182905,0.006884219432348857,1,f1_score
0.536313533782959,0.01430911415240878,0.04489767551422119,0.007459525138055387,VarianceThreshold(threshold=0.4),PCA(n_components=32),MinMaxScaler(),"{'feature_selection': VarianceThreshold(threshold=0.4), 'pca': PCA(n_components=32), 'scaler': MinMaxScaler()}",0.8465847002232414,0.8724527657852116,0.8731750551823148,0.8654304080746849,0.8644107323163632,0.010727241216289445,27,f1_score
0.7378307580947876,0.03443397165385859,0.04650074243545532,0.009938900355360191,VarianceThreshold(threshold=0.4),PCA(n_components=64),StandardScaler(),"{'feature_selection': VarianceThreshold(threshold=0.4), 'pca': PCA(n_components=64), 'scaler': StandardScaler()}",0.8665714664206635,0.8850597782193708,0.8798186887321152,0.8804114795010125,0.8779653532182905,0.006884219432348857,1,f1_score
0.6991044282913208,0.04592612211215663,0.04374957084655762,0.009521967180381443,VarianceThreshold(threshold=0.4),PCA(n_components=64),MinMaxScaler(),"{'feature_selection': VarianceThreshold(threshold=0.4), 'pca': PCA(n_components=64), 'scaler': MinMaxScaler()}",0.8465847002232414,0.8724527657852116,0.8731750551823148,0.8654304080746849,0.8644107323163632,0.010727241216289445,27,f1_score
0.7028255462646484,0.023562071703097504,0.032247066497802734,0.004863004216969702,VarianceThreshold(threshold=0.4),PCA(n_components=64),StandardScaler(),"{'feature_selection': VarianceThreshold(threshold=0.4), 'pca': PCA(n_components=64), 'scaler': StandardScaler()}",0.8665714664206635,0.8850597782193708,0.8798186887321152,0.8804114795010125,0.8779653532182905,0.006884219432348857,1,f1_score
0.645695686340332,0.023163923937752552,0.039280712604522705,0.010387417341312094,VarianceThreshold(threshold=0.4),PCA(n_components=64),MinMaxScaler(),"{'feature_selection': VarianceThreshold(threshold=0.4), 'pca': PCA(n_components=64), 'scaler': MinMaxScaler()}",0.8465847002232414,0.8724527657852116,0.8731750551823148,0.8654304080746849,0.8644107323163632,0.010727241216289445,27,f1_score
0.992953360080719,0.014187818642013609,0.04724621772766113,0.003031313690661125,VarianceThreshold(threshold=0.4),PCA(n_components=128),StandardScaler(),"{'feature_selection': VarianceThreshold(threshold=0.4), 'pca': PCA(n_components=128), 'scaler': StandardScaler()}",0.8665714664206635,0.8850597782193708,0.8798186887321152,0.8804114795010125,0.8779653532182905,0.006884219432348857,1,f1_score
1.0893253684043884,0.11089344654753945,0.04509079456329346,0.0026037021077840576,VarianceThreshold(threshold=0.4),PCA(n_components=128),MinMaxScaler(),"{'feature_selection': VarianceThreshold(threshold=0.4), 'pca': PCA(n_components=128), 'scaler': MinMaxScaler()}",0.8465847002232414,0.8724527657852116,0.8731750551823148,0.8654304080746849,0.8644107323163632,0.010727241216289445,27,f1_score
0.3740497827529907,0.05776285804433718,0.11100178956985474,0.023720663806162032,VarianceThreshold(threshold=0.4),,StandardScaler(),"{'feature_selection': VarianceThreshold(threshold=0.4), 'pca': None, 'scaler': StandardScaler()}",0.8516248569826177,0.8574782372900047,0.8744349099037723,0.8585108702293013,0.860512218601424,0.008456313729228521,39,f1_score
0.7152585387229919,0.09304736250552406,0.033531129360198975,0.004696030495660713,VarianceThreshold(threshold=0.6),PCA(n_components=8),StandardScaler(),"{'feature_selection': VarianceThreshold(threshold=0.6), 'pca': PCA(n_components=8), 'scaler': StandardScaler()}",0.8575372379670014,0.8791186643501264,0.8731670238238235,0.8760350073268941,0.8714644833669614,0.00831178356655962,15,f1_score
0.6069863438606262,0.028227801757931877,0.030504047870635986,0.0031999124429967028,VarianceThreshold(threshold=0.6),PCA(n_components=8),MinMaxScaler(),"{'feature_selection': VarianceThreshold(threshold=0.6), 'pca': PCA(n_components=8), 'scaler': MinMaxScaler()}",0.8368496790493328,0.8521762040358485,0.8608990778268176,0.8526892044853374,0.8506535413493341,0.008688786712899388,45,f1_score
0.6416193246841431,0.03185908328889217,0.04206693172454834,0.007813482057039299,VarianceThreshold(threshold=0.6),PCA(n_components=16),StandardScaler(),"{'feature_selection': VarianceThreshold(threshold=0.6), 'pca': PCA(n_components=16), 'scaler': StandardScaler()}",0.8575372379670014,0.8791186643501264,0.8731670238238235,0.8760350073268941,0.8714644833669614,0.00831178356655962,15,f1_score
0.6029815673828125,0.0483251332374547,0.04139101505279541,0.003879621061968519,VarianceThreshold(threshold=0.6),PCA(n_components=16),MinMaxScaler(),"{'feature_selection': VarianceThreshold(threshold=0.6), 'pca': PCA(n_components=16), 'scaler': MinMaxScaler()}",0.8368496790493328,0.8521762040358485,0.8608990778268176,0.8526892044853374,0.8506535413493341,0.008688786712899388,45,f1_score
0.5678498148918152,0.04823980372482158,0.040652573108673096,0.0034252792372664246,VarianceThreshold(threshold=0.6),PCA(n_components=32),StandardScaler(),"{'feature_selection': VarianceThreshold(threshold=0.6), 'pca': PCA(n_components=32), 'scaler': StandardScaler()}",0.8575372379670014,0.8791186643501264,0.8731670238238235,0.8760350073268941,0.8714644833669614,0.00831178356655962,15,f1_score
0.628558337688446,0.03538621473723106,0.03855562210083008,0.0062157385231951055,VarianceThreshold(threshold=0.6),PCA(n_components=32),MinMaxScaler(),"{'feature_selection': VarianceThreshold(threshold=0.6), 'pca': PCA(n_components=32), 'scaler': MinMaxScaler()}",0.8368496790493328,0.8521762040358485,0.8608990778268176,0.8526892044853374,0.8506535413493341,0.008688786712899388,45,f1_score
0.6910990476608276,0.024465967541973003,0.041136205196380615,0.007068835331464383,VarianceThreshold(threshold=0.6),PCA(n_components=64),StandardScaler(),"{'feature_selection': VarianceThreshold(threshold=0.6), 'pca': PCA(n_components=64), 'scaler': StandardScaler()}",0.8575372379670014,0.8791186643501264,0.8731670238238235,0.8760350073268941,0.8714644833669614,0.00831178356655962,15,f1_score
0.6185073256492615,0.01252731308403894,0.04535388946533203,0.003969852050236629,VarianceThreshold(threshold=0.6),PCA(n_components=64),MinMaxScaler(),"{'feature_selection': VarianceThreshold(threshold=0.6), 'pca': PCA(n_components=64), 'scaler': MinMaxScaler()}",0.8368496790493328,0.8521762040358485,0.8608990778268176,0.8526892044853374,0.8506535413493341,0.008688786712899388,45,f1_score
0.6816850304603577,0.024173791090875328,0.047493040561676025,0.008959753476484011,VarianceThreshold(threshold=0.6),PCA(n_components=64),StandardScaler(),"{'feature_selection': VarianceThreshold(threshold=0.6), 'pca': PCA(n_components=64), 'scaler': StandardScaler()}",0.8575372379670014,0.8791186643501264,0.8731670238238235,0.8760350073268941,0.8714644833669614,0.00831178356655962,15,f1_score
0.6925699710845947,0.04095883163567115,0.04675281047821045,0.007465603463861688,VarianceThreshold(threshold=0.6),PCA(n_components=64),MinMaxScaler(),"{'feature_selection': VarianceThreshold(threshold=0.6), 'pca': PCA(n_components=64), 'scaler': MinMaxScaler()}",0.8368496790493328,0.8521762040358485,0.8608990778268176,0.8526892044853374,0.8506535413493341,0.008688786712899388,45,f1_score
1.0380655527114868,0.024571795320311333,0.06358426809310913,0.013071401373635959,VarianceThreshold(threshold=0.6),PCA(n_components=128),StandardScaler(),"{'feature_selection': VarianceThreshold(threshold=0.6), 'pca': PCA(n_components=128), 'scaler': StandardScaler()}",0.8575372379670014,0.8791186643501264,0.8731670238238235,0.8760350073268941,0.8714644833669614,0.00831178356655962,15,f1_score
1.0621968507766724,0.03300226972003702,0.0483359694480896,0.0017783706172343242,VarianceThreshold(threshold=0.6),PCA(n_components=128),MinMaxScaler(),"{'feature_selection': VarianceThreshold(threshold=0.6), 'pca': PCA(n_components=128), 'scaler': MinMaxScaler()}",0.8368496790493328,0.8521762040358485,0.8608990778268176,0.8526892044853374,0.8506535413493341,0.008688786712899388,45,f1_score
0.3155035972595215,0.015070221753902734,0.12338519096374512,0.017430854778657044,VarianceThreshold(threshold=0.6),,StandardScaler(),"{'feature_selection': VarianceThreshold(threshold=0.6), 'pca': None, 'scaler': StandardScaler()}",0.8516248569826177,0.8574782372900047,0.8744349099037723,0.8585108702293013,0.860512218601424,0.008456313729228521,39,f1_score
0.7344729900360107,0.0318544412417784,0.0364995002746582,0.012260166236687195,VarianceThreshold(threshold=0.8),PCA(n_components=8),StandardScaler(),"{'feature_selection': VarianceThreshold(threshold=0.8), 'pca': PCA(n_components=8), 'scaler': StandardScaler()}",0.8575372379670014,0.8791186643501264,0.8731670238238235,0.8760350073268941,0.8714644833669614,0.00831178356655962,15,f1_score
0.6230865120887756,0.049685373461566644,0.03537636995315552,0.006228129445082441,VarianceThreshold(threshold=0.8),PCA(n_components=8),MinMaxScaler(),"{'feature_selection': VarianceThreshold(threshold=0.8), 'pca': PCA(n_components=8), 'scaler': MinMaxScaler()}",0.8368496790493328,0.8521762040358485,0.8608990778268176,0.8526892044853374,0.8506535413493341,0.008688786712899388,45,f1_score
0.6362913846969604,0.04310839241460023,0.043251633644104004,0.004812281141554972,VarianceThreshold(threshold=0.8),PCA(n_components=16),StandardScaler(),"{'feature_selection': VarianceThreshold(threshold=0.8), 'pca': PCA(n_components=16), 'scaler': StandardScaler()}",0.8575372379670014,0.8791186643501264,0.8731670238238235,0.8760350073268941,0.8714644833669614,0.00831178356655962,15,f1_score
0.6008518934249878,0.020521539482196146,0.0428847074508667,0.006918385522037586,VarianceThreshold(threshold=0.8),PCA(n_components=16),MinMaxScaler(),"{'feature_selection': VarianceThreshold(threshold=0.8), 'pca': PCA(n_components=16), 'scaler': MinMaxScaler()}",0.8368496790493328,0.8521762040358485,0.8608990778268176,0.8526892044853374,0.8506535413493341,0.008688786712899388,45,f1_score
0.5816552042961121,0.036449033878797374,0.041637420654296875,0.005703344587614032,VarianceThreshold(threshold=0.8),PCA(n_components=32),StandardScaler(),"{'feature_selection': VarianceThreshold(threshold=0.8), 'pca': PCA(n_components=32), 'scaler': StandardScaler()}",0.8575372379670014,0.8791186643501264,0.8731670238238235,0.8760350073268941,0.8714644833669614,0.00831178356655962,15,f1_score
0.5405418276786804,0.027801044750262693,0.04449963569641113,0.008530476754824386,VarianceThreshold(threshold=0.8),PCA(n_components=32),MinMaxScaler(),"{'feature_selection': VarianceThreshold(threshold=0.8), 'pca': PCA(n_components=32), 'scaler': MinMaxScaler()}",0.8368496790493328,0.8521762040358485,0.8608990778268176,0.8526892044853374,0.8506535413493341,0.008688786712899388,45,f1_score
0.6787855625152588,0.0731873582511332,0.059494853019714355,0.01646923571244685,VarianceThreshold(threshold=0.8),PCA(n_components=64),StandardScaler(),"{'feature_selection': VarianceThreshold(threshold=0.8), 'pca': PCA(n_components=64), 'scaler': StandardScaler()}",0.8575372379670014,0.8791186643501264,0.8731670238238235,0.8760350073268941,0.8714644833669614,0.00831178356655962,15,f1_score
0.6176406741142273,0.03706227267198388,0.04199659824371338,0.008188911457450002,VarianceThreshold(threshold=0.8),PCA(n_components=64),MinMaxScaler(),"{'feature_selection': VarianceThreshold(threshold=0.8), 'pca': PCA(n_components=64), 'scaler': MinMaxScaler()}",0.8368496790493328,0.8521762040358485,0.8608990778268176,0.8526892044853374,0.8506535413493341,0.008688786712899388,45,f1_score
0.7726076245307922,0.15729995580735234,0.049452781677246094,0.009176882365418026,VarianceThreshold(threshold=0.8),PCA(n_components=64),StandardScaler(),"{'feature_selection': VarianceThreshold(threshold=0.8), 'pca': PCA(n_components=64), 'scaler': StandardScaler()}",0.8575372379670014,0.8791186643501264,0.8731670238238235,0.8760350073268941,0.8714644833669614,0.00831178356655962,15,f1_score
0.9085575938224792,0.2233430695645578,0.0648648738861084,0.010477780703079927,VarianceThreshold(threshold=0.8),PCA(n_components=64),MinMaxScaler(),"{'feature_selection': VarianceThreshold(threshold=0.8), 'pca': PCA(n_components=64), 'scaler': MinMaxScaler()}",0.8368496790493328,0.8521762040358485,0.8608990778268176,0.8526892044853374,0.8506535413493341,0.008688786712899388,45,f1_score
1.0408573746681213,0.02911784732339208,0.04420006275177002,0.0033555469511596437,VarianceThreshold(threshold=0.8),PCA(n_components=128),StandardScaler(),"{'feature_selection': VarianceThreshold(threshold=0.8), 'pca': PCA(n_components=128), 'scaler': StandardScaler()}",0.8575372379670014,0.8791186643501264,0.8731670238238235,0.8760350073268941,0.8714644833669614,0.00831178356655962,15,f1_score
1.087591528892517,0.09667884856852543,0.05890780687332153,0.018045097889217553,VarianceThreshold(threshold=0.8),PCA(n_components=128),MinMaxScaler(),"{'feature_selection': VarianceThreshold(threshold=0.8), 'pca': PCA(n_components=128), 'scaler': MinMaxScaler()}",0.8368496790493328,0.8521762040358485,0.8608990778268176,0.8526892044853374,0.8506535413493341,0.008688786712899388,45,f1_score
0.33096301555633545,0.02220706930035681,0.11613994836807251,0.012733943711429151,VarianceThreshold(threshold=0.8),,StandardScaler(),"{'feature_selection': VarianceThreshold(threshold=0.8), 'pca': None, 'scaler': StandardScaler()}",0.8516248569826177,0.8574782372900047,0.8744349099037723,0.8585108702293013,0.860512218601424,0.008456313729228521,39,f1_score
0.7366586327552795,0.1478036466353612,0.03524905443191528,0.011515057817945325,,PCA(n_components=8),StandardScaler(),"{'feature_selection': None, 'pca': PCA(n_components=8), 'scaler': StandardScaler()}",0.8681649647493571,0.8821339576279246,0.8798900306452487,0.8805494954281681,0.8776846121126746,0.005556342968878155,7,f1_score
0.6831200122833252,0.10254812241612202,0.0362468957901001,0.004321033074133683,,PCA(n_components=8),MinMaxScaler(),"{'feature_selection': None, 'pca': PCA(n_components=8), 'scaler': MinMaxScaler()}",0.8616307538762062,0.8837405370576875,0.8762431114972227,0.874633080030809,0.8740618706154814,0.007957596048199983,14,f1_score
0.6222928762435913,0.02953286324478608,0.03929215669631958,0.0025167517913093815,,PCA(n_components=16),StandardScaler(),"{'feature_selection': None, 'pca': PCA(n_components=16), 'scaler': StandardScaler()}",0.8117876920597296,0.8564373169032656,0.8555146957135237,0.8452039516082099,0.8422359140711821,0.018123943795322305,57,f1_score
0.6196955442428589,0.01952926217234228,0.04444307088851929,0.008651994221289351,,PCA(n_components=16),MinMaxScaler(),"{'feature_selection': None, 'pca': PCA(n_components=16), 'scaler': MinMaxScaler()}",0.809819356067046,0.8570497917812129,0.8524063947045262,0.8476430196633936,0.8417296405540448,0.018721207368551304,58,f1_score
0.5681600570678711,0.03517293610588703,0.042557716369628906,0.003444470422177661,,PCA(n_components=32),StandardScaler(),"{'feature_selection': None, 'pca': PCA(n_components=32), 'scaler': StandardScaler()}",0.7560418036667068,0.7801526580358574,0.7962547083088234,0.7868230521138994,0.7798180555313218,0.01487158064241763,59,f1_score
0.5987086892127991,0.051590170096431597,0.04787498712539673,0.007238123170130735,,PCA(n_components=32),MinMaxScaler(),"{'feature_selection': None, 'pca': PCA(n_components=32), 'scaler': MinMaxScaler()}",0.7507463846412162,0.7757455419786886,0.7906012132739253,0.7749421903351614,0.773008832557248,0.014285796243554,60,f1_score
0.7451613545417786,0.055848744910821174,0.050633251667022705,0.003831618046900406,,PCA(n_components=64),StandardScaler(),"{'feature_selection': None, 'pca': PCA(n_components=64), 'scaler': StandardScaler()}",0.7311683389203678,0.7436776763198761,0.7610194052680511,0.7431133559570161,0.7447446941163278,0.010641703748071408,61,f1_score
0.6438374519348145,0.052382182278037044,0.05079221725463867,0.0055428862181890436,,PCA(n_components=64),MinMaxScaler(),"{'feature_selection': None, 'pca': PCA(n_components=64), 'scaler': MinMaxScaler()}",0.7128537725599859,0.7430551056447284,0.7531260149467373,0.7370201200703917,0.7365137533054608,0.014822344816539105,64,f1_score
0.7387185096740723,0.07584484354642806,0.06438285112380981,0.018422274504659025,,PCA(n_components=64),StandardScaler(),"{'feature_selection': None, 'pca': PCA(n_components=64), 'scaler': StandardScaler()}",0.7274917021231782,0.7469229310655586,0.7623686065230478,0.7413754851195591,0.744539681207836,0.012491959269223288,62,f1_score
0.7844441533088684,0.0561483438823874,0.06163233518600464,0.010666075886336846,,PCA(n_components=64),MinMaxScaler(),"{'feature_selection': None, 'pca': PCA(n_components=64), 'scaler': MinMaxScaler()}",0.7188046754770796,0.743526410723952,0.7531413012220322,0.7306299366404367,0.7365255810158751,0.01297962721235994,63,f1_score
0.9907387495040894,0.020965557574222544,0.04099547863006592,0.007805257324173277,,PCA(n_components=128),StandardScaler(),"{'feature_selection': None, 'pca': PCA(n_components=128), 'scaler': StandardScaler()}",0.6917069108696263,0.7118576320749685,0.7272386769673971,0.7048861606062677,0.708922345129565,0.012813721977920899,65,f1_score
0.9308280348777771,0.02515226211649746,0.03975033760070801,0.00965291157424003,,PCA(n_components=128),MinMaxScaler(),"{'feature_selection': None, 'pca': PCA(n_components=128), 'scaler': MinMaxScaler()}",0.6745163894759355,0.6999702736099574,0.7064585472805258,0.6920276872337404,0.6932432244000398,0.011958990621969923,66,f1_score
0.2717750668525696,0.008907565683858013,0.11240488290786743,0.010113873682261494,,,StandardScaler(),"{'feature_selection': None, 'pca': None, 'scaler': StandardScaler()}",0.8516248569826177,0.8574782372900047,0.8744349099037723,0.8585108702293013,0.860512218601424,0.008456313729228521,39,f1_score
0.2028931975364685,0.011452771921237314,0.07900917530059814,0.005219412557930103,,,MinMaxScaler(),"{'feature_selection': None, 'pca': None, 'scaler': MinMaxScaler()}",0.8516248569826177,0.8574782372900047,0.8744349099037723,0.8585108702293013,0.860512218601424,0.008456313729228521,39,f1_score
